dataset,chromosomes,start_position,end_position,score,dataset_strand,product,phase,time_after_exposure,sample_strand,replicate,xr_ds,windows,sample
TSS,.,0,100,0,NTS,CPD,early,120,.,_,1.27971773839569,-100,CPD 120 min.
TSS,.,0,100,0,TS,CPD,early,120,.,_,1.15712404188416,-100,CPD 120 min.
TSS,.,0,100,0,NTS,CPD,early,120,.,_,1.30945439084091,-91,CPD 120 min.
TSS,.,0,100,0,TS,CPD,early,120,.,_,1.19212857727822,-91,CPD 120 min.
TSS,.,0,100,0,NTS,CPD,early,120,.,_,2.33244725031604,-1,CPD 120 min.
TSS,.,0,100,0,TS,CPD,early,120,.,_,2.5018283825083,-1,CPD 120 min.
TSS,.,0,100,0,NTS,CPD,early,120,.,_,2.44585729105173,0,CPD 120 min.
TSS,.,0,100,0,TS,CPD,early,120,.,_,2.86242322731259,0,CPD 120 min.
TSS,.,0,100,0,NTS,CPD,early,120,.,_,2.96055772480787,1,CPD 120 min.
TSS,.,0,100,0,TS,CPD,early,120,.,_,3.13169454972012,1,CPD 120 min.
TSS,.,0,100,0,NTS,CPD,early,120,.,_,2.65042887181255,2,CPD 120 min.
TSS,.,0,100,0,TS,CPD,early,120,.,_,2.8166106349934,2,CPD 120 min.
TSS,.,0,100,0,NTS,CPD,early,120,.,_,2.65246937259913,3,CPD 120 min.
TSS,.,0,100,0,TS,CPD,early,120,.,_,2.57963207844071,3,CPD 120 min.
TSS,.,0,100,0,NTS,CPD,early,120,.,_,2.59120572438908,4,CPD 120 min.
TSS,.,0,100,0,TS,CPD,early,120,.,_,2.46988274158755,4,CPD 120 min.
TSS,.,0,100,0,NTS,CPD,early,120,.,_,2.45737126461293,5,CPD 120 min.
TSS,.,0,100,0,TS,CPD,early,120,.,_,2.38639817021183,5,CPD 120 min.
TSS,.,0,100,0,NTS,CPD,early,120,.,_,2.37884471909191,6,CPD 120 min.
TSS,.,0,100,0,TS,CPD,early,120,.,_,2.34498459975114,6,CPD 120 min.
TSS,.,0,100,0,NTS,CPD,early,120,.,_,2.30856456202403,7,CPD 120 min.
TSS,.,0,100,0,TS,CPD,early,120,.,_,2.27732931501293,7,CPD 120 min.
TSS,.,0,100,0,NTS,CPD,early,120,.,_,2.24035742607164,8,CPD 120 min.
TSS,.,0,100,0,TS,CPD,early,120,.,_,2.26854056213992,8,CPD 120 min.
TSS,.,0,100,0,NTS,CPD,early,120,.,_,1.25122572195442,-90,CPD 120 min.
TSS,.,0,100,0,TS,CPD,early,120,.,_,1.17879075104815,-90,CPD 120 min.
TSS,.,0,100,0,NTS,CPD,early,120,.,_,2.13328343511444,9,CPD 120 min.
TSS,.,0,100,0,TS,CPD,early,120,.,_,2.22933125491848,9,CPD 120 min.
TSS,.,0,100,0,NTS,CPD,early,120,.,_,2.01576629309576,10,CPD 120 min.
TSS,.,0,100,0,TS,CPD,early,120,.,_,2.14411678982179,10,CPD 120 min.
TSS,.,0,100,0,NTS,CPD,early,120,.,_,1.99973668777376,11,CPD 120 min.
TSS,.,0,100,0,TS,CPD,early,120,.,_,2.09331167518723,11,CPD 120 min.
TSS,.,0,100,0,NTS,CPD,early,120,.,_,1.93308741456519,12,CPD 120 min.
TSS,.,0,100,0,TS,CPD,early,120,.,_,2.02543171259393,12,CPD 120 min.
TSS,.,0,100,0,NTS,CPD,early,120,.,_,1.84794726386739,13,CPD 120 min.
TSS,.,0,100,0,TS,CPD,early,120,.,_,2.01040176513116,13,CPD 120 min.
TSS,.,0,100,0,NTS,CPD,early,120,.,_,1.75492342301892,14,CPD 120 min.
TSS,.,0,100,0,TS,CPD,early,120,.,_,1.99440251270541,14,CPD 120 min.
TSS,.,0,100,0,NTS,CPD,early,120,.,_,1.70229432553907,15,CPD 120 min.
TSS,.,0,100,0,TS,CPD,early,120,.,_,1.93570608053054,15,CPD 120 min.
TSS,.,0,100,0,NTS,CPD,early,120,.,_,1.685981804204,16,CPD 120 min.
TSS,.,0,100,0,TS,CPD,early,120,.,_,1.87806704494861,16,CPD 120 min.
TSS,.,0,100,0,NTS,CPD,early,120,.,_,1.63582863553384,17,CPD 120 min.
TSS,.,0,100,0,TS,CPD,early,120,.,_,1.90540278145852,17,CPD 120 min.
TSS,.,0,100,0,NTS,CPD,early,120,.,_,1.56687950642606,18,CPD 120 min.
TSS,.,0,100,0,TS,CPD,early,120,.,_,1.84795854011948,18,CPD 120 min.
TSS,.,0,100,0,NTS,CPD,early,120,.,_,1.25496974912474,-89,CPD 120 min.
TSS,.,0,100,0,TS,CPD,early,120,.,_,1.17314409632447,-89,CPD 120 min.
TSS,.,0,100,0,NTS,CPD,early,120,.,_,1.5570740860734,19,CPD 120 min.
TSS,.,0,100,0,TS,CPD,early,120,.,_,1.84504996468123,19,CPD 120 min.
TSS,.,0,100,0,NTS,CPD,early,120,.,_,1.53192034181655,20,CPD 120 min.
TSS,.,0,100,0,TS,CPD,early,120,.,_,1.871744714702,20,CPD 120 min.
TSS,.,0,100,0,NTS,CPD,early,120,.,_,1.49525006015088,21,CPD 120 min.
TSS,.,0,100,0,TS,CPD,early,120,.,_,1.80122432974009,21,CPD 120 min.
TSS,.,0,100,0,NTS,CPD,early,120,.,_,1.47028478562327,22,CPD 120 min.
TSS,.,0,100,0,TS,CPD,early,120,.,_,1.85306606548548,22,CPD 120 min.
TSS,.,0,100,0,NTS,CPD,early,120,.,_,1.50668612173532,23,CPD 120 min.
TSS,.,0,100,0,TS,CPD,early,120,.,_,1.83953452441294,23,CPD 120 min.
TSS,.,0,100,0,NTS,CPD,early,120,.,_,1.48124846756521,24,CPD 120 min.
TSS,.,0,100,0,TS,CPD,early,120,.,_,1.78520585411211,24,CPD 120 min.
TSS,.,0,100,0,NTS,CPD,early,120,.,_,1.42244717569304,25,CPD 120 min.
TSS,.,0,100,0,TS,CPD,early,120,.,_,1.7295605262648,25,CPD 120 min.
TSS,.,0,100,0,NTS,CPD,early,120,.,_,1.42799532314946,26,CPD 120 min.
TSS,.,0,100,0,TS,CPD,early,120,.,_,1.75133930390318,26,CPD 120 min.
TSS,.,0,100,0,NTS,CPD,early,120,.,_,1.41639333260326,27,CPD 120 min.
TSS,.,0,100,0,TS,CPD,early,120,.,_,1.73402429313401,27,CPD 120 min.
TSS,.,0,100,0,NTS,CPD,early,120,.,_,1.40566900486832,28,CPD 120 min.
TSS,.,0,100,0,TS,CPD,early,120,.,_,1.74596244228868,28,CPD 120 min.
TSS,.,0,100,0,NTS,CPD,early,120,.,_,1.25874666832587,-88,CPD 120 min.
TSS,.,0,100,0,TS,CPD,early,120,.,_,1.1840613688846,-88,CPD 120 min.
TSS,.,0,100,0,NTS,CPD,early,120,.,_,1.38616907846486,29,CPD 120 min.
TSS,.,0,100,0,TS,CPD,early,120,.,_,1.7584653494085,29,CPD 120 min.
TSS,.,0,100,0,NTS,CPD,early,120,.,_,1.40522461138538,30,CPD 120 min.
TSS,.,0,100,0,TS,CPD,early,120,.,_,1.6981411475562,30,CPD 120 min.
TSS,.,0,100,0,NTS,CPD,early,120,.,_,1.37412241457833,31,CPD 120 min.
TSS,.,0,100,0,TS,CPD,early,120,.,_,1.72138763284582,31,CPD 120 min.
TSS,.,0,100,0,NTS,CPD,early,120,.,_,1.39063562029496,32,CPD 120 min.
TSS,.,0,100,0,TS,CPD,early,120,.,_,1.71957430049062,32,CPD 120 min.
TSS,.,0,100,0,NTS,CPD,early,120,.,_,1.35894217265156,33,CPD 120 min.
TSS,.,0,100,0,TS,CPD,early,120,.,_,1.72336115245864,33,CPD 120 min.
TSS,.,0,100,0,NTS,CPD,early,120,.,_,1.40080085051512,34,CPD 120 min.
TSS,.,0,100,0,TS,CPD,early,120,.,_,1.73937966231754,34,CPD 120 min.
TSS,.,0,100,0,NTS,CPD,early,120,.,_,1.35642291432212,35,CPD 120 min.
TSS,.,0,100,0,TS,CPD,early,120,.,_,1.703988852486,35,CPD 120 min.
TSS,.,0,100,0,NTS,CPD,early,120,.,_,1.32282252485274,36,CPD 120 min.
TSS,.,0,100,0,TS,CPD,early,120,.,_,1.69797131240113,36,CPD 120 min.
TSS,.,0,100,0,NTS,CPD,early,120,.,_,1.31602241580726,37,CPD 120 min.
TSS,.,0,100,0,TS,CPD,early,120,.,_,1.69665140719734,37,CPD 120 min.
TSS,.,0,100,0,NTS,CPD,early,120,.,_,1.32081537949966,38,CPD 120 min.
TSS,.,0,100,0,TS,CPD,early,120,.,_,1.68256086422067,38,CPD 120 min.
TSS,.,0,100,0,NTS,CPD,early,120,.,_,1.27805902148051,-87,CPD 120 min.
TSS,.,0,100,0,TS,CPD,early,120,.,_,1.2246609691162,-87,CPD 120 min.
TSS,.,0,100,0,NTS,CPD,early,120,.,_,1.33184625753244,39,CPD 120 min.
TSS,.,0,100,0,TS,CPD,early,120,.,_,1.67069825742048,39,CPD 120 min.
TSS,.,0,100,0,NTS,CPD,early,120,.,_,1.31377525995235,40,CPD 120 min.
TSS,.,0,100,0,TS,CPD,early,120,.,_,1.68515952841675,40,CPD 120 min.
TSS,.,0,100,0,NTS,CPD,early,120,.,_,1.30589328174136,41,CPD 120 min.
TSS,.,0,100,0,TS,CPD,early,120,.,_,1.66039968035152,41,CPD 120 min.
TSS,.,0,100,0,NTS,CPD,early,120,.,_,1.2974115850532,42,CPD 120 min.
TSS,.,0,100,0,TS,CPD,early,120,.,_,1.68129074225529,42,CPD 120 min.
TSS,.,0,100,0,NTS,CPD,early,120,.,_,1.30237930908063,43,CPD 120 min.
TSS,.,0,100,0,TS,CPD,early,120,.,_,1.66862196923109,43,CPD 120 min.
TSS,.,0,100,0,NTS,CPD,early,120,.,_,1.31600009577782,44,CPD 120 min.
TSS,.,0,100,0,TS,CPD,early,120,.,_,1.60141931494295,44,CPD 120 min.
TSS,.,0,100,0,NTS,CPD,early,120,.,_,1.30718148116192,45,CPD 120 min.
TSS,.,0,100,0,TS,CPD,early,120,.,_,1.67968160813094,45,CPD 120 min.
TSS,.,0,100,0,NTS,CPD,early,120,.,_,1.34057577500088,46,CPD 120 min.
TSS,.,0,100,0,TS,CPD,early,120,.,_,1.64230344841987,46,CPD 120 min.
TSS,.,0,100,0,NTS,CPD,early,120,.,_,1.31041847526365,47,CPD 120 min.
TSS,.,0,100,0,TS,CPD,early,120,.,_,1.69310659478105,47,CPD 120 min.
TSS,.,0,100,0,NTS,CPD,early,120,.,_,1.32392739669824,48,CPD 120 min.
TSS,.,0,100,0,TS,CPD,early,120,.,_,1.63385430798424,48,CPD 120 min.
TSS,.,0,100,0,NTS,CPD,early,120,.,_,1.26546613320523,-86,CPD 120 min.
TSS,.,0,100,0,TS,CPD,early,120,.,_,1.17322654945475,-86,CPD 120 min.
TSS,.,0,100,0,NTS,CPD,early,120,.,_,1.29480878083513,49,CPD 120 min.
TSS,.,0,100,0,TS,CPD,early,120,.,_,1.62582340868697,49,CPD 120 min.
TSS,.,0,100,0,NTS,CPD,early,120,.,_,1.292227418762,50,CPD 120 min.
TSS,.,0,100,0,TS,CPD,early,120,.,_,1.6637131777271,50,CPD 120 min.
TSS,.,0,100,0,NTS,CPD,early,120,.,_,1.31261883432973,51,CPD 120 min.
TSS,.,0,100,0,TS,CPD,early,120,.,_,1.64652367739797,51,CPD 120 min.
TSS,.,0,100,0,NTS,CPD,early,120,.,_,1.27004680752999,52,CPD 120 min.
TSS,.,0,100,0,TS,CPD,early,120,.,_,1.64393375066699,52,CPD 120 min.
TSS,.,0,100,0,NTS,CPD,early,120,.,_,1.28388559872047,53,CPD 120 min.
TSS,.,0,100,0,TS,CPD,early,120,.,_,1.63633099612705,53,CPD 120 min.
TSS,.,0,100,0,NTS,CPD,early,120,.,_,1.29776355805291,54,CPD 120 min.
TSS,.,0,100,0,TS,CPD,early,120,.,_,1.64905957855825,54,CPD 120 min.
TSS,.,0,100,0,NTS,CPD,early,120,.,_,1.29096258062859,55,CPD 120 min.
TSS,.,0,100,0,TS,CPD,early,120,.,_,1.65851855385118,55,CPD 120 min.
TSS,.,0,100,0,NTS,CPD,early,120,.,_,1.26620430273089,56,CPD 120 min.
TSS,.,0,100,0,TS,CPD,early,120,.,_,1.61649272947929,56,CPD 120 min.
TSS,.,0,100,0,NTS,CPD,early,120,.,_,1.27740509225938,57,CPD 120 min.
TSS,.,0,100,0,TS,CPD,early,120,.,_,1.63283306604096,57,CPD 120 min.
TSS,.,0,100,0,NTS,CPD,early,120,.,_,1.2707146563803,58,CPD 120 min.
TSS,.,0,100,0,TS,CPD,early,120,.,_,1.63368049642335,58,CPD 120 min.
TSS,.,0,100,0,NTS,CPD,early,120,.,_,1.23890224253728,-85,CPD 120 min.
TSS,.,0,100,0,TS,CPD,early,120,.,_,1.20988486578827,-85,CPD 120 min.
TSS,.,0,100,0,NTS,CPD,early,120,.,_,1.29005358102668,59,CPD 120 min.
TSS,.,0,100,0,TS,CPD,early,120,.,_,1.61815945895421,59,CPD 120 min.
TSS,.,0,100,0,NTS,CPD,early,120,.,_,1.28177808355658,60,CPD 120 min.
TSS,.,0,100,0,TS,CPD,early,120,.,_,1.62235462342366,60,CPD 120 min.
TSS,.,0,100,0,NTS,CPD,early,120,.,_,1.26111248126633,61,CPD 120 min.
TSS,.,0,100,0,TS,CPD,early,120,.,_,1.62871271907165,61,CPD 120 min.
TSS,.,0,100,0,NTS,CPD,early,120,.,_,1.27023467013046,62,CPD 120 min.
TSS,.,0,100,0,TS,CPD,early,120,.,_,1.66236870349407,62,CPD 120 min.
TSS,.,0,100,0,NTS,CPD,early,120,.,_,1.23850322585263,63,CPD 120 min.
TSS,.,0,100,0,TS,CPD,early,120,.,_,1.61174667806181,63,CPD 120 min.
TSS,.,0,100,0,NTS,CPD,early,120,.,_,1.26292449752719,64,CPD 120 min.
TSS,.,0,100,0,TS,CPD,early,120,.,_,1.63238771315715,64,CPD 120 min.
TSS,.,0,100,0,NTS,CPD,early,120,.,_,1.2912410602079,65,CPD 120 min.
TSS,.,0,100,0,TS,CPD,early,120,.,_,1.61247979003727,65,CPD 120 min.
TSS,.,0,100,0,NTS,CPD,early,120,.,_,1.28115544150849,66,CPD 120 min.
TSS,.,0,100,0,TS,CPD,early,120,.,_,1.61323564808319,66,CPD 120 min.
TSS,.,0,100,0,NTS,CPD,early,120,.,_,1.26118231841378,67,CPD 120 min.
TSS,.,0,100,0,TS,CPD,early,120,.,_,1.64272463692382,67,CPD 120 min.
TSS,.,0,100,0,NTS,CPD,early,120,.,_,1.25457600740342,68,CPD 120 min.
TSS,.,0,100,0,TS,CPD,early,120,.,_,1.60592814977424,68,CPD 120 min.
TSS,.,0,100,0,NTS,CPD,early,120,.,_,1.2608009838784,-84,CPD 120 min.
TSS,.,0,100,0,TS,CPD,early,120,.,_,1.19508456655604,-84,CPD 120 min.
TSS,.,0,100,0,NTS,CPD,early,120,.,_,1.27171891420902,69,CPD 120 min.
TSS,.,0,100,0,TS,CPD,early,120,.,_,1.60684405969958,69,CPD 120 min.
TSS,.,0,100,0,NTS,CPD,early,120,.,_,1.28228680221696,70,CPD 120 min.
TSS,.,0,100,0,TS,CPD,early,120,.,_,1.58227243759817,70,CPD 120 min.
TSS,.,0,100,0,NTS,CPD,early,120,.,_,1.27775524111518,71,CPD 120 min.
TSS,.,0,100,0,TS,CPD,early,120,.,_,1.61476463879438,71,CPD 120 min.
TSS,.,0,100,0,NTS,CPD,early,120,.,_,1.23824027253537,72,CPD 120 min.
TSS,.,0,100,0,TS,CPD,early,120,.,_,1.59180631452207,72,CPD 120 min.
TSS,.,0,100,0,NTS,CPD,early,120,.,_,1.25221761520226,73,CPD 120 min.
TSS,.,0,100,0,TS,CPD,early,120,.,_,1.62453684721492,73,CPD 120 min.
TSS,.,0,100,0,NTS,CPD,early,120,.,_,1.24220888607809,74,CPD 120 min.
TSS,.,0,100,0,TS,CPD,early,120,.,_,1.57990740205319,74,CPD 120 min.
TSS,.,0,100,0,NTS,CPD,early,120,.,_,1.24883112726685,75,CPD 120 min.
TSS,.,0,100,0,TS,CPD,early,120,.,_,1.57276975075421,75,CPD 120 min.
TSS,.,0,100,0,NTS,CPD,early,120,.,_,1.24695799732938,76,CPD 120 min.
TSS,.,0,100,0,TS,CPD,early,120,.,_,1.56099235461082,76,CPD 120 min.
TSS,.,0,100,0,NTS,CPD,early,120,.,_,1.25603481301898,77,CPD 120 min.
TSS,.,0,100,0,TS,CPD,early,120,.,_,1.58039332727255,77,CPD 120 min.
TSS,.,0,100,0,NTS,CPD,early,120,.,_,1.21365884384311,78,CPD 120 min.
TSS,.,0,100,0,TS,CPD,early,120,.,_,1.61226284173562,78,CPD 120 min.
TSS,.,0,100,0,NTS,CPD,early,120,.,_,1.30764215660766,-83,CPD 120 min.
TSS,.,0,100,0,TS,CPD,early,120,.,_,1.20062675747568,-83,CPD 120 min.
TSS,.,0,100,0,NTS,CPD,early,120,.,_,1.25599912412203,79,CPD 120 min.
TSS,.,0,100,0,TS,CPD,early,120,.,_,1.58351314554574,79,CPD 120 min.
TSS,.,0,100,0,NTS,CPD,early,120,.,_,1.24111414343497,80,CPD 120 min.
TSS,.,0,100,0,TS,CPD,early,120,.,_,1.56253840176028,80,CPD 120 min.
TSS,.,0,100,0,NTS,CPD,early,120,.,_,1.23833583232433,81,CPD 120 min.
TSS,.,0,100,0,TS,CPD,early,120,.,_,1.58351489308735,81,CPD 120 min.
TSS,.,0,100,0,NTS,CPD,early,120,.,_,1.2178973169584,82,CPD 120 min.
TSS,.,0,100,0,TS,CPD,early,120,.,_,1.52005242430299,82,CPD 120 min.
TSS,.,0,100,0,NTS,CPD,early,120,.,_,1.23511596324482,83,CPD 120 min.
TSS,.,0,100,0,TS,CPD,early,120,.,_,1.56049375993606,83,CPD 120 min.
TSS,.,0,100,0,NTS,CPD,early,120,.,_,1.24146395391778,84,CPD 120 min.
TSS,.,0,100,0,TS,CPD,early,120,.,_,1.58906448005224,84,CPD 120 min.
TSS,.,0,100,0,NTS,CPD,early,120,.,_,1.24538112860075,85,CPD 120 min.
TSS,.,0,100,0,TS,CPD,early,120,.,_,1.53797420444879,85,CPD 120 min.
TSS,.,0,100,0,NTS,CPD,early,120,.,_,1.22450550992643,86,CPD 120 min.
TSS,.,0,100,0,TS,CPD,early,120,.,_,1.53637466510875,86,CPD 120 min.
TSS,.,0,100,0,NTS,CPD,early,120,.,_,1.23426804601727,87,CPD 120 min.
TSS,.,0,100,0,TS,CPD,early,120,.,_,1.56838470721108,87,CPD 120 min.
TSS,.,0,100,0,NTS,CPD,early,120,.,_,1.26405889581676,88,CPD 120 min.
TSS,.,0,100,0,TS,CPD,early,120,.,_,1.55261073125374,88,CPD 120 min.
TSS,.,0,100,0,NTS,CPD,early,120,.,_,1.27155089404626,-82,CPD 120 min.
TSS,.,0,100,0,TS,CPD,early,120,.,_,1.19129408714517,-82,CPD 120 min.
TSS,.,0,100,0,NTS,CPD,early,120,.,_,1.23757963456431,89,CPD 120 min.
TSS,.,0,100,0,TS,CPD,early,120,.,_,1.54879112423861,89,CPD 120 min.
TSS,.,0,100,0,NTS,CPD,early,120,.,_,1.24382303111171,90,CPD 120 min.
TSS,.,0,100,0,TS,CPD,early,120,.,_,1.58022577556996,90,CPD 120 min.
TSS,.,0,100,0,NTS,CPD,early,120,.,_,1.24477635818546,91,CPD 120 min.
TSS,.,0,100,0,TS,CPD,early,120,.,_,1.58341351490176,91,CPD 120 min.
TSS,.,0,100,0,NTS,CPD,early,120,.,_,1.23341090575008,92,CPD 120 min.
TSS,.,0,100,0,TS,CPD,early,120,.,_,1.5744941430091,92,CPD 120 min.
TSS,.,0,100,0,NTS,CPD,early,120,.,_,1.228104310241,93,CPD 120 min.
TSS,.,0,100,0,TS,CPD,early,120,.,_,1.53875815506697,93,CPD 120 min.
TSS,.,0,100,0,NTS,CPD,early,120,.,_,1.24593432279339,94,CPD 120 min.
TSS,.,0,100,0,TS,CPD,early,120,.,_,1.55507197044722,94,CPD 120 min.
TSS,.,0,100,0,NTS,CPD,early,120,.,_,1.23635853474479,95,CPD 120 min.
TSS,.,0,100,0,TS,CPD,early,120,.,_,1.51901428255921,95,CPD 120 min.
TSS,.,0,100,0,NTS,CPD,early,120,.,_,1.26051250356833,96,CPD 120 min.
TSS,.,0,100,0,TS,CPD,early,120,.,_,1.55150020668518,96,CPD 120 min.
TSS,.,0,100,0,NTS,CPD,early,120,.,_,1.24734633831281,97,CPD 120 min.
TSS,.,0,100,0,TS,CPD,early,120,.,_,1.58040109131178,97,CPD 120 min.
TSS,.,0,100,0,NTS,CPD,early,120,.,_,1.22025187919515,98,CPD 120 min.
TSS,.,0,100,0,TS,CPD,early,120,.,_,1.56471707680133,98,CPD 120 min.
TSS,.,0,100,0,NTS,CPD,early,120,.,_,1.29030879243615,-99,CPD 120 min.
TSS,.,0,100,0,TS,CPD,early,120,.,_,1.19900817148674,-99,CPD 120 min.
TSS,.,0,100,0,NTS,CPD,early,120,.,_,1.25572173250339,-81,CPD 120 min.
TSS,.,0,100,0,TS,CPD,early,120,.,_,1.17988659985382,-81,CPD 120 min.
TSS,.,0,100,0,NTS,CPD,early,120,.,_,1.22199126829615,99,CPD 120 min.
TSS,.,0,100,0,TS,CPD,early,120,.,_,1.53261435259062,99,CPD 120 min.
TSS,.,0,100,0,NTS,CPD,early,120,.,_,1.22767942428716,100,CPD 120 min.
TSS,.,0,100,0,TS,CPD,early,120,.,_,1.55786129727666,100,CPD 120 min.
TSS,.,0,100,0,NTS,CPD,early,120,.,_,1.27204397930729,-80,CPD 120 min.
TSS,.,0,100,0,TS,CPD,early,120,.,_,1.20275921488771,-80,CPD 120 min.
TSS,.,0,100,0,NTS,CPD,early,120,.,_,1.26500514484113,-79,CPD 120 min.
TSS,.,0,100,0,TS,CPD,early,120,.,_,1.19962350907581,-79,CPD 120 min.
TSS,.,0,100,0,NTS,CPD,early,120,.,_,1.25651133066351,-78,CPD 120 min.
TSS,.,0,100,0,TS,CPD,early,120,.,_,1.17910956475409,-78,CPD 120 min.
TSS,.,0,100,0,NTS,CPD,early,120,.,_,1.26655772966863,-77,CPD 120 min.
TSS,.,0,100,0,TS,CPD,early,120,.,_,1.18539113959332,-77,CPD 120 min.
TSS,.,0,100,0,NTS,CPD,early,120,.,_,1.2802379908151,-76,CPD 120 min.
TSS,.,0,100,0,TS,CPD,early,120,.,_,1.17459400814154,-76,CPD 120 min.
TSS,.,0,100,0,NTS,CPD,early,120,.,_,1.27256877449684,-75,CPD 120 min.
TSS,.,0,100,0,TS,CPD,early,120,.,_,1.18617738004726,-75,CPD 120 min.
TSS,.,0,100,0,NTS,CPD,early,120,.,_,1.28039023770132,-74,CPD 120 min.
TSS,.,0,100,0,TS,CPD,early,120,.,_,1.19626328342409,-74,CPD 120 min.
TSS,.,0,100,0,NTS,CPD,early,120,.,_,1.28491604465333,-73,CPD 120 min.
TSS,.,0,100,0,TS,CPD,early,120,.,_,1.17111705849846,-73,CPD 120 min.
TSS,.,0,100,0,NTS,CPD,early,120,.,_,1.28563620388319,-72,CPD 120 min.
TSS,.,0,100,0,TS,CPD,early,120,.,_,1.17857392135827,-72,CPD 120 min.
TSS,.,0,100,0,NTS,CPD,early,120,.,_,1.24511529616955,-98,CPD 120 min.
TSS,.,0,100,0,TS,CPD,early,120,.,_,1.20956821597349,-98,CPD 120 min.
TSS,.,0,100,0,NTS,CPD,early,120,.,_,1.27760515167179,-71,CPD 120 min.
TSS,.,0,100,0,TS,CPD,early,120,.,_,1.16807206956181,-71,CPD 120 min.
TSS,.,0,100,0,NTS,CPD,early,120,.,_,1.31078659224103,-70,CPD 120 min.
TSS,.,0,100,0,TS,CPD,early,120,.,_,1.18020763453323,-70,CPD 120 min.
TSS,.,0,100,0,NTS,CPD,early,120,.,_,1.26597164602108,-69,CPD 120 min.
TSS,.,0,100,0,TS,CPD,early,120,.,_,1.22036653032373,-69,CPD 120 min.
TSS,.,0,100,0,NTS,CPD,early,120,.,_,1.27835097959512,-68,CPD 120 min.
TSS,.,0,100,0,TS,CPD,early,120,.,_,1.18315036639688,-68,CPD 120 min.
TSS,.,0,100,0,NTS,CPD,early,120,.,_,1.32647805972937,-67,CPD 120 min.
TSS,.,0,100,0,TS,CPD,early,120,.,_,1.22716713052935,-67,CPD 120 min.
TSS,.,0,100,0,NTS,CPD,early,120,.,_,1.26848202016982,-66,CPD 120 min.
TSS,.,0,100,0,TS,CPD,early,120,.,_,1.18797104332245,-66,CPD 120 min.
TSS,.,0,100,0,NTS,CPD,early,120,.,_,1.27816650970011,-65,CPD 120 min.
TSS,.,0,100,0,TS,CPD,early,120,.,_,1.20724734007102,-65,CPD 120 min.
TSS,.,0,100,0,NTS,CPD,early,120,.,_,1.27682291202097,-64,CPD 120 min.
TSS,.,0,100,0,TS,CPD,early,120,.,_,1.20320493028604,-64,CPD 120 min.
TSS,.,0,100,0,NTS,CPD,early,120,.,_,1.28791520528696,-63,CPD 120 min.
TSS,.,0,100,0,TS,CPD,early,120,.,_,1.19489107334423,-63,CPD 120 min.
TSS,.,0,100,0,NTS,CPD,early,120,.,_,1.30006917163245,-62,CPD 120 min.
TSS,.,0,100,0,TS,CPD,early,120,.,_,1.17874420780736,-62,CPD 120 min.
TSS,.,0,100,0,NTS,CPD,early,120,.,_,1.26259463533333,-97,CPD 120 min.
TSS,.,0,100,0,TS,CPD,early,120,.,_,1.16492921231028,-97,CPD 120 min.
TSS,.,0,100,0,NTS,CPD,early,120,.,_,1.30101448978169,-61,CPD 120 min.
TSS,.,0,100,0,TS,CPD,early,120,.,_,1.2027315857948,-61,CPD 120 min.
TSS,.,0,100,0,NTS,CPD,early,120,.,_,1.32241092064984,-60,CPD 120 min.
TSS,.,0,100,0,TS,CPD,early,120,.,_,1.2300062183701,-60,CPD 120 min.
TSS,.,0,100,0,NTS,CPD,early,120,.,_,1.28325185286962,-59,CPD 120 min.
TSS,.,0,100,0,TS,CPD,early,120,.,_,1.17866385642344,-59,CPD 120 min.
TSS,.,0,100,0,NTS,CPD,early,120,.,_,1.32789425022723,-58,CPD 120 min.
TSS,.,0,100,0,TS,CPD,early,120,.,_,1.20464559740365,-58,CPD 120 min.
TSS,.,0,100,0,NTS,CPD,early,120,.,_,1.31413827673291,-57,CPD 120 min.
TSS,.,0,100,0,TS,CPD,early,120,.,_,1.23472259018371,-57,CPD 120 min.
TSS,.,0,100,0,NTS,CPD,early,120,.,_,1.28840153014037,-56,CPD 120 min.
TSS,.,0,100,0,TS,CPD,early,120,.,_,1.22116397566062,-56,CPD 120 min.
TSS,.,0,100,0,NTS,CPD,early,120,.,_,1.31443768127171,-55,CPD 120 min.
TSS,.,0,100,0,TS,CPD,early,120,.,_,1.2352407918138,-55,CPD 120 min.
TSS,.,0,100,0,NTS,CPD,early,120,.,_,1.30621639890372,-54,CPD 120 min.
TSS,.,0,100,0,TS,CPD,early,120,.,_,1.20732223989891,-54,CPD 120 min.
TSS,.,0,100,0,NTS,CPD,early,120,.,_,1.30995694155577,-53,CPD 120 min.
TSS,.,0,100,0,TS,CPD,early,120,.,_,1.20189200360018,-53,CPD 120 min.
TSS,.,0,100,0,NTS,CPD,early,120,.,_,1.30362244194397,-52,CPD 120 min.
TSS,.,0,100,0,TS,CPD,early,120,.,_,1.21309293960099,-52,CPD 120 min.
TSS,.,0,100,0,NTS,CPD,early,120,.,_,1.28140371787802,-96,CPD 120 min.
TSS,.,0,100,0,TS,CPD,early,120,.,_,1.18941865481449,-96,CPD 120 min.
TSS,.,0,100,0,NTS,CPD,early,120,.,_,1.27942390977181,-51,CPD 120 min.
TSS,.,0,100,0,TS,CPD,early,120,.,_,1.2248648407137,-51,CPD 120 min.
TSS,.,0,100,0,NTS,CPD,early,120,.,_,1.33869445928618,-50,CPD 120 min.
TSS,.,0,100,0,TS,CPD,early,120,.,_,1.19915652020368,-50,CPD 120 min.
TSS,.,0,100,0,NTS,CPD,early,120,.,_,1.32254322837856,-49,CPD 120 min.
TSS,.,0,100,0,TS,CPD,early,120,.,_,1.22709347556273,-49,CPD 120 min.
TSS,.,0,100,0,NTS,CPD,early,120,.,_,1.34543169267205,-48,CPD 120 min.
TSS,.,0,100,0,TS,CPD,early,120,.,_,1.2060951022168,-48,CPD 120 min.
TSS,.,0,100,0,NTS,CPD,early,120,.,_,1.32110812936342,-47,CPD 120 min.
TSS,.,0,100,0,TS,CPD,early,120,.,_,1.21883677172258,-47,CPD 120 min.
TSS,.,0,100,0,NTS,CPD,early,120,.,_,1.31657942591226,-46,CPD 120 min.
TSS,.,0,100,0,TS,CPD,early,120,.,_,1.24869136577008,-46,CPD 120 min.
TSS,.,0,100,0,NTS,CPD,early,120,.,_,1.32980375953192,-45,CPD 120 min.
TSS,.,0,100,0,TS,CPD,early,120,.,_,1.23346645031891,-45,CPD 120 min.
TSS,.,0,100,0,NTS,CPD,early,120,.,_,1.31092895288261,-44,CPD 120 min.
TSS,.,0,100,0,TS,CPD,early,120,.,_,1.24561373999809,-44,CPD 120 min.
TSS,.,0,100,0,NTS,CPD,early,120,.,_,1.32691510613383,-43,CPD 120 min.
TSS,.,0,100,0,TS,CPD,early,120,.,_,1.24037604474885,-43,CPD 120 min.
TSS,.,0,100,0,NTS,CPD,early,120,.,_,1.33803080763605,-42,CPD 120 min.
TSS,.,0,100,0,TS,CPD,early,120,.,_,1.25209231262402,-42,CPD 120 min.
TSS,.,0,100,0,NTS,CPD,early,120,.,_,1.25787492818699,-95,CPD 120 min.
TSS,.,0,100,0,TS,CPD,early,120,.,_,1.1746335535356,-95,CPD 120 min.
TSS,.,0,100,0,NTS,CPD,early,120,.,_,1.32624531713472,-41,CPD 120 min.
TSS,.,0,100,0,TS,CPD,early,120,.,_,1.24128976809479,-41,CPD 120 min.
TSS,.,0,100,0,NTS,CPD,early,120,.,_,1.33579335482096,-40,CPD 120 min.
TSS,.,0,100,0,TS,CPD,early,120,.,_,1.240873897725,-40,CPD 120 min.
TSS,.,0,100,0,NTS,CPD,early,120,.,_,1.33973293069291,-39,CPD 120 min.
TSS,.,0,100,0,TS,CPD,early,120,.,_,1.21705569176326,-39,CPD 120 min.
TSS,.,0,100,0,NTS,CPD,early,120,.,_,1.35220483803368,-38,CPD 120 min.
TSS,.,0,100,0,TS,CPD,early,120,.,_,1.21201314252565,-38,CPD 120 min.
TSS,.,0,100,0,NTS,CPD,early,120,.,_,1.37371441692038,-37,CPD 120 min.
TSS,.,0,100,0,TS,CPD,early,120,.,_,1.25166668695603,-37,CPD 120 min.
TSS,.,0,100,0,NTS,CPD,early,120,.,_,1.35127574640241,-36,CPD 120 min.
TSS,.,0,100,0,TS,CPD,early,120,.,_,1.26683178816306,-36,CPD 120 min.
TSS,.,0,100,0,NTS,CPD,early,120,.,_,1.37517668781654,-35,CPD 120 min.
TSS,.,0,100,0,TS,CPD,early,120,.,_,1.24834780157804,-35,CPD 120 min.
TSS,.,0,100,0,NTS,CPD,early,120,.,_,1.33182607836415,-34,CPD 120 min.
TSS,.,0,100,0,TS,CPD,early,120,.,_,1.24705500607065,-34,CPD 120 min.
TSS,.,0,100,0,NTS,CPD,early,120,.,_,1.37455846940593,-33,CPD 120 min.
TSS,.,0,100,0,TS,CPD,early,120,.,_,1.26290963013816,-33,CPD 120 min.
TSS,.,0,100,0,NTS,CPD,early,120,.,_,1.35377536404334,-32,CPD 120 min.
TSS,.,0,100,0,TS,CPD,early,120,.,_,1.24805051120084,-32,CPD 120 min.
TSS,.,0,100,0,NTS,CPD,early,120,.,_,1.24658054221252,-94,CPD 120 min.
TSS,.,0,100,0,TS,CPD,early,120,.,_,1.19705325538278,-94,CPD 120 min.
TSS,.,0,100,0,NTS,CPD,early,120,.,_,1.35966639050632,-31,CPD 120 min.
TSS,.,0,100,0,TS,CPD,early,120,.,_,1.2669477819096,-31,CPD 120 min.
TSS,.,0,100,0,NTS,CPD,early,120,.,_,1.40506202242814,-30,CPD 120 min.
TSS,.,0,100,0,TS,CPD,early,120,.,_,1.29233770765613,-30,CPD 120 min.
TSS,.,0,100,0,NTS,CPD,early,120,.,_,1.35375812047126,-29,CPD 120 min.
TSS,.,0,100,0,TS,CPD,early,120,.,_,1.28729786631643,-29,CPD 120 min.
TSS,.,0,100,0,NTS,CPD,early,120,.,_,1.38613282522694,-28,CPD 120 min.
TSS,.,0,100,0,TS,CPD,early,120,.,_,1.2843200449165,-28,CPD 120 min.
TSS,.,0,100,0,NTS,CPD,early,120,.,_,1.45472281311594,-27,CPD 120 min.
TSS,.,0,100,0,TS,CPD,early,120,.,_,1.25973257259513,-27,CPD 120 min.
TSS,.,0,100,0,NTS,CPD,early,120,.,_,1.37654138932648,-26,CPD 120 min.
TSS,.,0,100,0,TS,CPD,early,120,.,_,1.28337183784398,-26,CPD 120 min.
TSS,.,0,100,0,NTS,CPD,early,120,.,_,1.42030270083773,-25,CPD 120 min.
TSS,.,0,100,0,TS,CPD,early,120,.,_,1.33147087396515,-25,CPD 120 min.
TSS,.,0,100,0,NTS,CPD,early,120,.,_,1.4110102667125,-24,CPD 120 min.
TSS,.,0,100,0,TS,CPD,early,120,.,_,1.30876519380335,-24,CPD 120 min.
TSS,.,0,100,0,NTS,CPD,early,120,.,_,1.43606533950045,-23,CPD 120 min.
TSS,.,0,100,0,TS,CPD,early,120,.,_,1.32821448041469,-23,CPD 120 min.
TSS,.,0,100,0,NTS,CPD,early,120,.,_,1.43231604730448,-22,CPD 120 min.
TSS,.,0,100,0,TS,CPD,early,120,.,_,1.34457102097673,-22,CPD 120 min.
TSS,.,0,100,0,NTS,CPD,early,120,.,_,1.31008458048552,-93,CPD 120 min.
TSS,.,0,100,0,TS,CPD,early,120,.,_,1.19344413288798,-93,CPD 120 min.
TSS,.,0,100,0,NTS,CPD,early,120,.,_,1.42387153086515,-21,CPD 120 min.
TSS,.,0,100,0,TS,CPD,early,120,.,_,1.3479069463466,-21,CPD 120 min.
TSS,.,0,100,0,NTS,CPD,early,120,.,_,1.47058148385014,-20,CPD 120 min.
TSS,.,0,100,0,TS,CPD,early,120,.,_,1.38020746643214,-20,CPD 120 min.
TSS,.,0,100,0,NTS,CPD,early,120,.,_,1.45052602887788,-19,CPD 120 min.
TSS,.,0,100,0,TS,CPD,early,120,.,_,1.38151588168184,-19,CPD 120 min.
TSS,.,0,100,0,NTS,CPD,early,120,.,_,1.50103350969636,-18,CPD 120 min.
TSS,.,0,100,0,TS,CPD,early,120,.,_,1.39335231359857,-18,CPD 120 min.
TSS,.,0,100,0,NTS,CPD,early,120,.,_,1.51041371368683,-17,CPD 120 min.
TSS,.,0,100,0,TS,CPD,early,120,.,_,1.41380726664818,-17,CPD 120 min.
TSS,.,0,100,0,NTS,CPD,early,120,.,_,1.49476435812867,-16,CPD 120 min.
TSS,.,0,100,0,TS,CPD,early,120,.,_,1.46415912214858,-16,CPD 120 min.
TSS,.,0,100,0,NTS,CPD,early,120,.,_,1.56130125893265,-15,CPD 120 min.
TSS,.,0,100,0,TS,CPD,early,120,.,_,1.48855363270318,-15,CPD 120 min.
TSS,.,0,100,0,NTS,CPD,early,120,.,_,1.58828821446811,-14,CPD 120 min.
TSS,.,0,100,0,TS,CPD,early,120,.,_,1.49254437881802,-14,CPD 120 min.
TSS,.,0,100,0,NTS,CPD,early,120,.,_,1.63745348155038,-13,CPD 120 min.
TSS,.,0,100,0,TS,CPD,early,120,.,_,1.51939312232727,-13,CPD 120 min.
TSS,.,0,100,0,NTS,CPD,early,120,.,_,1.61553352187914,-12,CPD 120 min.
TSS,.,0,100,0,TS,CPD,early,120,.,_,1.52793271051733,-12,CPD 120 min.
TSS,.,0,100,0,NTS,CPD,early,120,.,_,1.31600284125518,-92,CPD 120 min.
TSS,.,0,100,0,TS,CPD,early,120,.,_,1.18624450183584,-92,CPD 120 min.
TSS,.,0,100,0,NTS,CPD,early,120,.,_,1.65208333573875,-11,CPD 120 min.
TSS,.,0,100,0,TS,CPD,early,120,.,_,1.61131879523239,-11,CPD 120 min.
TSS,.,0,100,0,NTS,CPD,early,120,.,_,1.75502574427722,-10,CPD 120 min.
TSS,.,0,100,0,TS,CPD,early,120,.,_,1.67329756555846,-10,CPD 120 min.
TSS,.,0,100,0,NTS,CPD,early,120,.,_,1.79422534990885,-9,CPD 120 min.
TSS,.,0,100,0,TS,CPD,early,120,.,_,1.78244346385834,-9,CPD 120 min.
TSS,.,0,100,0,NTS,CPD,early,120,.,_,1.85865743810757,-8,CPD 120 min.
TSS,.,0,100,0,TS,CPD,early,120,.,_,1.76430902505741,-8,CPD 120 min.
TSS,.,0,100,0,NTS,CPD,early,120,.,_,1.89844964597566,-7,CPD 120 min.
TSS,.,0,100,0,TS,CPD,early,120,.,_,1.9069885120733,-7,CPD 120 min.
TSS,.,0,100,0,NTS,CPD,early,120,.,_,1.98656610978755,-6,CPD 120 min.
TSS,.,0,100,0,TS,CPD,early,120,.,_,1.91599102565043,-6,CPD 120 min.
TSS,.,0,100,0,NTS,CPD,early,120,.,_,2.01255248762495,-5,CPD 120 min.
TSS,.,0,100,0,TS,CPD,early,120,.,_,2.04803819273469,-5,CPD 120 min.
TSS,.,0,100,0,NTS,CPD,early,120,.,_,2.16076371779877,-4,CPD 120 min.
TSS,.,0,100,0,TS,CPD,early,120,.,_,2.16535590920332,-4,CPD 120 min.
TSS,.,0,100,0,NTS,CPD,early,120,.,_,2.2581275534741,-3,CPD 120 min.
TSS,.,0,100,0,TS,CPD,early,120,.,_,2.22642462458439,-3,CPD 120 min.
TSS,.,0,100,0,NTS,CPD,early,120,.,_,2.32190059467956,-2,CPD 120 min.
TSS,.,0,100,0,TS,CPD,early,120,.,_,2.33569139093543,-2,CPD 120 min.
TES,.,0,100,0,NTS,CPD,early,120,.,_,1.26953610111222,-100,CPD 120 min.
TES,.,0,100,0,TS,CPD,early,120,.,_,1.38082991201305,-100,CPD 120 min.
TES,.,0,100,0,NTS,CPD,early,120,.,_,1.27532754185852,-91,CPD 120 min.
TES,.,0,100,0,TS,CPD,early,120,.,_,1.43433015364548,-91,CPD 120 min.
TES,.,0,100,0,NTS,CPD,early,120,.,_,1.42106409484791,-1,CPD 120 min.
TES,.,0,100,0,TS,CPD,early,120,.,_,1.38089235828088,-1,CPD 120 min.
TES,.,0,100,0,NTS,CPD,early,120,.,_,1.00876176583542,0,CPD 120 min.
TES,.,0,100,0,TS,CPD,early,120,.,_,1.11078794774374,0,CPD 120 min.
TES,.,0,100,0,NTS,CPD,early,120,.,_,1.39134495344754,1,CPD 120 min.
TES,.,0,100,0,TS,CPD,early,120,.,_,1.70696847179142,1,CPD 120 min.
TES,.,0,100,0,NTS,CPD,early,120,.,_,1.44908265346427,2,CPD 120 min.
TES,.,0,100,0,TS,CPD,early,120,.,_,1.59429378883186,2,CPD 120 min.
TES,.,0,100,0,NTS,CPD,early,120,.,_,1.40604888098061,3,CPD 120 min.
TES,.,0,100,0,TS,CPD,early,120,.,_,1.52182129513343,3,CPD 120 min.
TES,.,0,100,0,NTS,CPD,early,120,.,_,1.41823184590125,4,CPD 120 min.
TES,.,0,100,0,TS,CPD,early,120,.,_,1.53008921797696,4,CPD 120 min.
TES,.,0,100,0,NTS,CPD,early,120,.,_,1.42215123901436,5,CPD 120 min.
TES,.,0,100,0,TS,CPD,early,120,.,_,1.51425913032281,5,CPD 120 min.
TES,.,0,100,0,NTS,CPD,early,120,.,_,1.40188069639311,6,CPD 120 min.
TES,.,0,100,0,TS,CPD,early,120,.,_,1.49758280101511,6,CPD 120 min.
TES,.,0,100,0,NTS,CPD,early,120,.,_,1.37997596625447,7,CPD 120 min.
TES,.,0,100,0,TS,CPD,early,120,.,_,1.51630144207882,7,CPD 120 min.
TES,.,0,100,0,NTS,CPD,early,120,.,_,1.39301540488316,8,CPD 120 min.
TES,.,0,100,0,TS,CPD,early,120,.,_,1.45597162655474,8,CPD 120 min.
TES,.,0,100,0,NTS,CPD,early,120,.,_,1.31376524323533,-90,CPD 120 min.
TES,.,0,100,0,TS,CPD,early,120,.,_,1.47432128167231,-90,CPD 120 min.
TES,.,0,100,0,NTS,CPD,early,120,.,_,1.40560484863164,9,CPD 120 min.
TES,.,0,100,0,TS,CPD,early,120,.,_,1.48918814801072,9,CPD 120 min.
TES,.,0,100,0,NTS,CPD,early,120,.,_,1.43092495704094,10,CPD 120 min.
TES,.,0,100,0,TS,CPD,early,120,.,_,1.46040559280052,10,CPD 120 min.
TES,.,0,100,0,NTS,CPD,early,120,.,_,1.42050173627326,11,CPD 120 min.
TES,.,0,100,0,TS,CPD,early,120,.,_,1.45574110936871,11,CPD 120 min.
TES,.,0,100,0,NTS,CPD,early,120,.,_,1.36088683117506,12,CPD 120 min.
TES,.,0,100,0,TS,CPD,early,120,.,_,1.43937597706278,12,CPD 120 min.
TES,.,0,100,0,NTS,CPD,early,120,.,_,1.39074063409616,13,CPD 120 min.
TES,.,0,100,0,TS,CPD,early,120,.,_,1.45866530366199,13,CPD 120 min.
TES,.,0,100,0,NTS,CPD,early,120,.,_,1.39163612015104,14,CPD 120 min.
TES,.,0,100,0,TS,CPD,early,120,.,_,1.44422881427639,14,CPD 120 min.
TES,.,0,100,0,NTS,CPD,early,120,.,_,1.36649228506317,15,CPD 120 min.
TES,.,0,100,0,TS,CPD,early,120,.,_,1.45204010052185,15,CPD 120 min.
TES,.,0,100,0,NTS,CPD,early,120,.,_,1.41653031515972,16,CPD 120 min.
TES,.,0,100,0,TS,CPD,early,120,.,_,1.4288993047369,16,CPD 120 min.
TES,.,0,100,0,NTS,CPD,early,120,.,_,1.39157620883415,17,CPD 120 min.
TES,.,0,100,0,TS,CPD,early,120,.,_,1.46062742872691,17,CPD 120 min.
TES,.,0,100,0,NTS,CPD,early,120,.,_,1.36291544285297,18,CPD 120 min.
TES,.,0,100,0,TS,CPD,early,120,.,_,1.44625308369492,18,CPD 120 min.
TES,.,0,100,0,NTS,CPD,early,120,.,_,1.27620712453877,-89,CPD 120 min.
TES,.,0,100,0,TS,CPD,early,120,.,_,1.44364185364074,-89,CPD 120 min.
TES,.,0,100,0,NTS,CPD,early,120,.,_,1.36899279653131,19,CPD 120 min.
TES,.,0,100,0,TS,CPD,early,120,.,_,1.42416203493975,19,CPD 120 min.
TES,.,0,100,0,NTS,CPD,early,120,.,_,1.34470867026723,20,CPD 120 min.
TES,.,0,100,0,TS,CPD,early,120,.,_,1.46553398069193,20,CPD 120 min.
TES,.,0,100,0,NTS,CPD,early,120,.,_,1.40236634175986,21,CPD 120 min.
TES,.,0,100,0,TS,CPD,early,120,.,_,1.44819254412755,21,CPD 120 min.
TES,.,0,100,0,NTS,CPD,early,120,.,_,1.3755733298676,22,CPD 120 min.
TES,.,0,100,0,TS,CPD,early,120,.,_,1.41464408460543,22,CPD 120 min.
TES,.,0,100,0,NTS,CPD,early,120,.,_,1.37389880610271,23,CPD 120 min.
TES,.,0,100,0,TS,CPD,early,120,.,_,1.40740438028595,23,CPD 120 min.
TES,.,0,100,0,NTS,CPD,early,120,.,_,1.35591397612914,24,CPD 120 min.
TES,.,0,100,0,TS,CPD,early,120,.,_,1.41155019948728,24,CPD 120 min.
TES,.,0,100,0,NTS,CPD,early,120,.,_,1.38441109734972,25,CPD 120 min.
TES,.,0,100,0,TS,CPD,early,120,.,_,1.42460006931151,25,CPD 120 min.
TES,.,0,100,0,NTS,CPD,early,120,.,_,1.36031387045662,26,CPD 120 min.
TES,.,0,100,0,TS,CPD,early,120,.,_,1.40530821647488,26,CPD 120 min.
TES,.,0,100,0,NTS,CPD,early,120,.,_,1.34613399516036,27,CPD 120 min.
TES,.,0,100,0,TS,CPD,early,120,.,_,1.39843269796475,27,CPD 120 min.
TES,.,0,100,0,NTS,CPD,early,120,.,_,1.32740906146751,28,CPD 120 min.
TES,.,0,100,0,TS,CPD,early,120,.,_,1.37955208923166,28,CPD 120 min.
TES,.,0,100,0,NTS,CPD,early,120,.,_,1.29940034348349,-88,CPD 120 min.
TES,.,0,100,0,TS,CPD,early,120,.,_,1.44742049591956,-88,CPD 120 min.
TES,.,0,100,0,NTS,CPD,early,120,.,_,1.33003061084199,29,CPD 120 min.
TES,.,0,100,0,TS,CPD,early,120,.,_,1.37803696320109,29,CPD 120 min.
TES,.,0,100,0,NTS,CPD,early,120,.,_,1.32199801384706,30,CPD 120 min.
TES,.,0,100,0,TS,CPD,early,120,.,_,1.35469660471818,30,CPD 120 min.
TES,.,0,100,0,NTS,CPD,early,120,.,_,1.31351748053778,31,CPD 120 min.
TES,.,0,100,0,TS,CPD,early,120,.,_,1.3556881561579,31,CPD 120 min.
TES,.,0,100,0,NTS,CPD,early,120,.,_,1.34577931083184,32,CPD 120 min.
TES,.,0,100,0,TS,CPD,early,120,.,_,1.38476868637287,32,CPD 120 min.
TES,.,0,100,0,NTS,CPD,early,120,.,_,1.34041659879387,33,CPD 120 min.
TES,.,0,100,0,TS,CPD,early,120,.,_,1.36544347061374,33,CPD 120 min.
TES,.,0,100,0,NTS,CPD,early,120,.,_,1.29383869973894,34,CPD 120 min.
TES,.,0,100,0,TS,CPD,early,120,.,_,1.3428375284996,34,CPD 120 min.
TES,.,0,100,0,NTS,CPD,early,120,.,_,1.31704772937328,35,CPD 120 min.
TES,.,0,100,0,TS,CPD,early,120,.,_,1.36190222621853,35,CPD 120 min.
TES,.,0,100,0,NTS,CPD,early,120,.,_,1.35933578557223,36,CPD 120 min.
TES,.,0,100,0,TS,CPD,early,120,.,_,1.35719604922676,36,CPD 120 min.
TES,.,0,100,0,NTS,CPD,early,120,.,_,1.3705190599367,37,CPD 120 min.
TES,.,0,100,0,TS,CPD,early,120,.,_,1.33590570389175,37,CPD 120 min.
TES,.,0,100,0,NTS,CPD,early,120,.,_,1.31862241909585,38,CPD 120 min.
TES,.,0,100,0,TS,CPD,early,120,.,_,1.36183864889842,38,CPD 120 min.
TES,.,0,100,0,NTS,CPD,early,120,.,_,1.2878538040259,-87,CPD 120 min.
TES,.,0,100,0,TS,CPD,early,120,.,_,1.46216719085904,-87,CPD 120 min.
TES,.,0,100,0,NTS,CPD,early,120,.,_,1.31133720821432,39,CPD 120 min.
TES,.,0,100,0,TS,CPD,early,120,.,_,1.36358959745296,39,CPD 120 min.
TES,.,0,100,0,NTS,CPD,early,120,.,_,1.29624346896108,40,CPD 120 min.
TES,.,0,100,0,TS,CPD,early,120,.,_,1.33518952227262,40,CPD 120 min.
TES,.,0,100,0,NTS,CPD,early,120,.,_,1.32917674225815,41,CPD 120 min.
TES,.,0,100,0,TS,CPD,early,120,.,_,1.29648808690892,41,CPD 120 min.
TES,.,0,100,0,NTS,CPD,early,120,.,_,1.34040822440237,42,CPD 120 min.
TES,.,0,100,0,TS,CPD,early,120,.,_,1.33728793268099,42,CPD 120 min.
TES,.,0,100,0,NTS,CPD,early,120,.,_,1.28770851728043,43,CPD 120 min.
TES,.,0,100,0,TS,CPD,early,120,.,_,1.35034214373176,43,CPD 120 min.
TES,.,0,100,0,NTS,CPD,early,120,.,_,1.30991150907606,44,CPD 120 min.
TES,.,0,100,0,TS,CPD,early,120,.,_,1.33699258085184,44,CPD 120 min.
TES,.,0,100,0,NTS,CPD,early,120,.,_,1.32512336279994,45,CPD 120 min.
TES,.,0,100,0,TS,CPD,early,120,.,_,1.33300827478682,45,CPD 120 min.
TES,.,0,100,0,NTS,CPD,early,120,.,_,1.31548665084862,46,CPD 120 min.
TES,.,0,100,0,TS,CPD,early,120,.,_,1.29970180737161,46,CPD 120 min.
TES,.,0,100,0,NTS,CPD,early,120,.,_,1.2988966933631,47,CPD 120 min.
TES,.,0,100,0,TS,CPD,early,120,.,_,1.34413936547983,47,CPD 120 min.
TES,.,0,100,0,NTS,CPD,early,120,.,_,1.33881391872641,48,CPD 120 min.
TES,.,0,100,0,TS,CPD,early,120,.,_,1.30437489423162,48,CPD 120 min.
TES,.,0,100,0,NTS,CPD,early,120,.,_,1.30639287664926,-86,CPD 120 min.
TES,.,0,100,0,TS,CPD,early,120,.,_,1.40948882414023,-86,CPD 120 min.
TES,.,0,100,0,NTS,CPD,early,120,.,_,1.31082423838745,49,CPD 120 min.
TES,.,0,100,0,TS,CPD,early,120,.,_,1.33851043372162,49,CPD 120 min.
TES,.,0,100,0,NTS,CPD,early,120,.,_,1.31967555337827,50,CPD 120 min.
TES,.,0,100,0,TS,CPD,early,120,.,_,1.3086312926775,50,CPD 120 min.
TES,.,0,100,0,NTS,CPD,early,120,.,_,1.33735734348509,51,CPD 120 min.
TES,.,0,100,0,TS,CPD,early,120,.,_,1.32196540544226,51,CPD 120 min.
TES,.,0,100,0,NTS,CPD,early,120,.,_,1.32195025965304,52,CPD 120 min.
TES,.,0,100,0,TS,CPD,early,120,.,_,1.35017528586009,52,CPD 120 min.
TES,.,0,100,0,NTS,CPD,early,120,.,_,1.29663559598899,53,CPD 120 min.
TES,.,0,100,0,TS,CPD,early,120,.,_,1.30721088052868,53,CPD 120 min.
TES,.,0,100,0,NTS,CPD,early,120,.,_,1.29496781442251,54,CPD 120 min.
TES,.,0,100,0,TS,CPD,early,120,.,_,1.30796389424079,54,CPD 120 min.
TES,.,0,100,0,NTS,CPD,early,120,.,_,1.29311370887884,55,CPD 120 min.
TES,.,0,100,0,TS,CPD,early,120,.,_,1.30643551052243,55,CPD 120 min.
TES,.,0,100,0,NTS,CPD,early,120,.,_,1.30849020820495,56,CPD 120 min.
TES,.,0,100,0,TS,CPD,early,120,.,_,1.32430713687428,56,CPD 120 min.
TES,.,0,100,0,NTS,CPD,early,120,.,_,1.29992029715652,57,CPD 120 min.
TES,.,0,100,0,TS,CPD,early,120,.,_,1.30827406514451,57,CPD 120 min.
TES,.,0,100,0,NTS,CPD,early,120,.,_,1.29972053935985,58,CPD 120 min.
TES,.,0,100,0,TS,CPD,early,120,.,_,1.31445751024036,58,CPD 120 min.
TES,.,0,100,0,NTS,CPD,early,120,.,_,1.28253624163011,-85,CPD 120 min.
TES,.,0,100,0,TS,CPD,early,120,.,_,1.43530881688496,-85,CPD 120 min.
TES,.,0,100,0,NTS,CPD,early,120,.,_,1.3228699342336,59,CPD 120 min.
TES,.,0,100,0,TS,CPD,early,120,.,_,1.28524185732462,59,CPD 120 min.
TES,.,0,100,0,NTS,CPD,early,120,.,_,1.29531902714821,60,CPD 120 min.
TES,.,0,100,0,TS,CPD,early,120,.,_,1.28551506473329,60,CPD 120 min.
TES,.,0,100,0,NTS,CPD,early,120,.,_,1.29960907679833,61,CPD 120 min.
TES,.,0,100,0,TS,CPD,early,120,.,_,1.30662364129613,61,CPD 120 min.
TES,.,0,100,0,NTS,CPD,early,120,.,_,1.29248024555616,62,CPD 120 min.
TES,.,0,100,0,TS,CPD,early,120,.,_,1.29564611653016,62,CPD 120 min.
TES,.,0,100,0,NTS,CPD,early,120,.,_,1.29979072526025,63,CPD 120 min.
TES,.,0,100,0,TS,CPD,early,120,.,_,1.29841170817072,63,CPD 120 min.
TES,.,0,100,0,NTS,CPD,early,120,.,_,1.29968371292286,64,CPD 120 min.
TES,.,0,100,0,TS,CPD,early,120,.,_,1.31066934643424,64,CPD 120 min.
TES,.,0,100,0,NTS,CPD,early,120,.,_,1.29083794028267,65,CPD 120 min.
TES,.,0,100,0,TS,CPD,early,120,.,_,1.28027338510311,65,CPD 120 min.
TES,.,0,100,0,NTS,CPD,early,120,.,_,1.28225772329978,66,CPD 120 min.
TES,.,0,100,0,TS,CPD,early,120,.,_,1.29314146951142,66,CPD 120 min.
TES,.,0,100,0,NTS,CPD,early,120,.,_,1.29436437165426,67,CPD 120 min.
TES,.,0,100,0,TS,CPD,early,120,.,_,1.30254104006353,67,CPD 120 min.
TES,.,0,100,0,NTS,CPD,early,120,.,_,1.29418971309155,68,CPD 120 min.
TES,.,0,100,0,TS,CPD,early,120,.,_,1.31184954843439,68,CPD 120 min.
TES,.,0,100,0,NTS,CPD,early,120,.,_,1.28918984467708,-84,CPD 120 min.
TES,.,0,100,0,TS,CPD,early,120,.,_,1.45370243103687,-84,CPD 120 min.
TES,.,0,100,0,NTS,CPD,early,120,.,_,1.30141647125269,69,CPD 120 min.
TES,.,0,100,0,TS,CPD,early,120,.,_,1.27588926221263,69,CPD 120 min.
TES,.,0,100,0,NTS,CPD,early,120,.,_,1.26438613511559,70,CPD 120 min.
TES,.,0,100,0,TS,CPD,early,120,.,_,1.25767615759229,70,CPD 120 min.
TES,.,0,100,0,NTS,CPD,early,120,.,_,1.31986120833433,71,CPD 120 min.
TES,.,0,100,0,TS,CPD,early,120,.,_,1.28171144010085,71,CPD 120 min.
TES,.,0,100,0,NTS,CPD,early,120,.,_,1.31671593300615,72,CPD 120 min.
TES,.,0,100,0,TS,CPD,early,120,.,_,1.31398560252857,72,CPD 120 min.
TES,.,0,100,0,NTS,CPD,early,120,.,_,1.28878624600853,73,CPD 120 min.
TES,.,0,100,0,TS,CPD,early,120,.,_,1.29097704426938,73,CPD 120 min.
TES,.,0,100,0,NTS,CPD,early,120,.,_,1.29265585445569,74,CPD 120 min.
TES,.,0,100,0,TS,CPD,early,120,.,_,1.26551981589677,74,CPD 120 min.
TES,.,0,100,0,NTS,CPD,early,120,.,_,1.30664677850654,75,CPD 120 min.
TES,.,0,100,0,TS,CPD,early,120,.,_,1.27201324450022,75,CPD 120 min.
TES,.,0,100,0,NTS,CPD,early,120,.,_,1.3241313252642,76,CPD 120 min.
TES,.,0,100,0,TS,CPD,early,120,.,_,1.27652594137019,76,CPD 120 min.
TES,.,0,100,0,NTS,CPD,early,120,.,_,1.2808590372818,77,CPD 120 min.
TES,.,0,100,0,TS,CPD,early,120,.,_,1.25321455228547,77,CPD 120 min.
TES,.,0,100,0,NTS,CPD,early,120,.,_,1.29566967543255,78,CPD 120 min.
TES,.,0,100,0,TS,CPD,early,120,.,_,1.26713786082374,78,CPD 120 min.
TES,.,0,100,0,NTS,CPD,early,120,.,_,1.31431409708243,-83,CPD 120 min.
TES,.,0,100,0,TS,CPD,early,120,.,_,1.42163100199178,-83,CPD 120 min.
TES,.,0,100,0,NTS,CPD,early,120,.,_,1.27883168209959,79,CPD 120 min.
TES,.,0,100,0,TS,CPD,early,120,.,_,1.23987669926424,79,CPD 120 min.
TES,.,0,100,0,NTS,CPD,early,120,.,_,1.27989046033368,80,CPD 120 min.
TES,.,0,100,0,TS,CPD,early,120,.,_,1.24240461972521,80,CPD 120 min.
TES,.,0,100,0,NTS,CPD,early,120,.,_,1.26858700279284,81,CPD 120 min.
TES,.,0,100,0,TS,CPD,early,120,.,_,1.24366127176753,81,CPD 120 min.
TES,.,0,100,0,NTS,CPD,early,120,.,_,1.29822083679563,82,CPD 120 min.
TES,.,0,100,0,TS,CPD,early,120,.,_,1.26542892780435,82,CPD 120 min.
TES,.,0,100,0,NTS,CPD,early,120,.,_,1.28102628658383,83,CPD 120 min.
TES,.,0,100,0,TS,CPD,early,120,.,_,1.26067681974644,83,CPD 120 min.
TES,.,0,100,0,NTS,CPD,early,120,.,_,1.30620678969573,84,CPD 120 min.
TES,.,0,100,0,TS,CPD,early,120,.,_,1.27377778957915,84,CPD 120 min.
TES,.,0,100,0,NTS,CPD,early,120,.,_,1.28204373817868,85,CPD 120 min.
TES,.,0,100,0,TS,CPD,early,120,.,_,1.25383072780138,85,CPD 120 min.
TES,.,0,100,0,NTS,CPD,early,120,.,_,1.31612213083141,86,CPD 120 min.
TES,.,0,100,0,TS,CPD,early,120,.,_,1.29850221852034,86,CPD 120 min.
TES,.,0,100,0,NTS,CPD,early,120,.,_,1.29234274245724,87,CPD 120 min.
TES,.,0,100,0,TS,CPD,early,120,.,_,1.26999295248721,87,CPD 120 min.
TES,.,0,100,0,NTS,CPD,early,120,.,_,1.2722126141728,88,CPD 120 min.
TES,.,0,100,0,TS,CPD,early,120,.,_,1.27752011459786,88,CPD 120 min.
TES,.,0,100,0,NTS,CPD,early,120,.,_,1.27401006415373,-82,CPD 120 min.
TES,.,0,100,0,TS,CPD,early,120,.,_,1.4421437636538,-82,CPD 120 min.
TES,.,0,100,0,NTS,CPD,early,120,.,_,1.29551471634705,89,CPD 120 min.
TES,.,0,100,0,TS,CPD,early,120,.,_,1.26078299608297,89,CPD 120 min.
TES,.,0,100,0,NTS,CPD,early,120,.,_,1.29293375665837,90,CPD 120 min.
TES,.,0,100,0,TS,CPD,early,120,.,_,1.25098895206464,90,CPD 120 min.
TES,.,0,100,0,NTS,CPD,early,120,.,_,1.27162794797405,91,CPD 120 min.
TES,.,0,100,0,TS,CPD,early,120,.,_,1.25050265049261,91,CPD 120 min.
TES,.,0,100,0,NTS,CPD,early,120,.,_,1.27232052568916,92,CPD 120 min.
TES,.,0,100,0,TS,CPD,early,120,.,_,1.26070407789981,92,CPD 120 min.
TES,.,0,100,0,NTS,CPD,early,120,.,_,1.30381477361337,93,CPD 120 min.
TES,.,0,100,0,TS,CPD,early,120,.,_,1.27021895498432,93,CPD 120 min.
TES,.,0,100,0,NTS,CPD,early,120,.,_,1.29087889428957,94,CPD 120 min.
TES,.,0,100,0,TS,CPD,early,120,.,_,1.24819098157539,94,CPD 120 min.
TES,.,0,100,0,NTS,CPD,early,120,.,_,1.32999960696584,95,CPD 120 min.
TES,.,0,100,0,TS,CPD,early,120,.,_,1.29329218584708,95,CPD 120 min.
TES,.,0,100,0,NTS,CPD,early,120,.,_,1.24671575209013,96,CPD 120 min.
TES,.,0,100,0,TS,CPD,early,120,.,_,1.23874206734952,96,CPD 120 min.
TES,.,0,100,0,NTS,CPD,early,120,.,_,1.24980706996933,97,CPD 120 min.
TES,.,0,100,0,TS,CPD,early,120,.,_,1.26529267195132,97,CPD 120 min.
TES,.,0,100,0,NTS,CPD,early,120,.,_,1.28400221654833,98,CPD 120 min.
TES,.,0,100,0,TS,CPD,early,120,.,_,1.22492766441086,98,CPD 120 min.
TES,.,0,100,0,NTS,CPD,early,120,.,_,1.27226249651018,-99,CPD 120 min.
TES,.,0,100,0,TS,CPD,early,120,.,_,1.41637248517524,-99,CPD 120 min.
TES,.,0,100,0,NTS,CPD,early,120,.,_,1.2667370464974,-81,CPD 120 min.
TES,.,0,100,0,TS,CPD,early,120,.,_,1.40817773578819,-81,CPD 120 min.
TES,.,0,100,0,NTS,CPD,early,120,.,_,1.24346760487424,99,CPD 120 min.
TES,.,0,100,0,TS,CPD,early,120,.,_,1.25706581154034,99,CPD 120 min.
TES,.,0,100,0,NTS,CPD,early,120,.,_,1.28022807408842,100,CPD 120 min.
TES,.,0,100,0,TS,CPD,early,120,.,_,1.27031686072528,100,CPD 120 min.
TES,.,0,100,0,NTS,CPD,early,120,.,_,1.28760782226617,-80,CPD 120 min.
TES,.,0,100,0,TS,CPD,early,120,.,_,1.45155279762225,-80,CPD 120 min.
TES,.,0,100,0,NTS,CPD,early,120,.,_,1.30718618114371,-79,CPD 120 min.
TES,.,0,100,0,TS,CPD,early,120,.,_,1.43727465349568,-79,CPD 120 min.
TES,.,0,100,0,NTS,CPD,early,120,.,_,1.26540760218468,-78,CPD 120 min.
TES,.,0,100,0,TS,CPD,early,120,.,_,1.41816626787002,-78,CPD 120 min.
TES,.,0,100,0,NTS,CPD,early,120,.,_,1.31041727003853,-77,CPD 120 min.
TES,.,0,100,0,TS,CPD,early,120,.,_,1.44128455269772,-77,CPD 120 min.
TES,.,0,100,0,NTS,CPD,early,120,.,_,1.29593675825833,-76,CPD 120 min.
TES,.,0,100,0,TS,CPD,early,120,.,_,1.45824041957375,-76,CPD 120 min.
TES,.,0,100,0,NTS,CPD,early,120,.,_,1.30324716217804,-75,CPD 120 min.
TES,.,0,100,0,TS,CPD,early,120,.,_,1.43236132740522,-75,CPD 120 min.
TES,.,0,100,0,NTS,CPD,early,120,.,_,1.29987675211155,-74,CPD 120 min.
TES,.,0,100,0,TS,CPD,early,120,.,_,1.45316588792256,-74,CPD 120 min.
TES,.,0,100,0,NTS,CPD,early,120,.,_,1.28810891273702,-73,CPD 120 min.
TES,.,0,100,0,TS,CPD,early,120,.,_,1.50500857047124,-73,CPD 120 min.
TES,.,0,100,0,NTS,CPD,early,120,.,_,1.27242876500849,-72,CPD 120 min.
TES,.,0,100,0,TS,CPD,early,120,.,_,1.45671954611209,-72,CPD 120 min.
TES,.,0,100,0,NTS,CPD,early,120,.,_,1.26191339424811,-98,CPD 120 min.
TES,.,0,100,0,TS,CPD,early,120,.,_,1.41259245837177,-98,CPD 120 min.
TES,.,0,100,0,NTS,CPD,early,120,.,_,1.29905421011238,-71,CPD 120 min.
TES,.,0,100,0,TS,CPD,early,120,.,_,1.44484789588816,-71,CPD 120 min.
TES,.,0,100,0,NTS,CPD,early,120,.,_,1.26637033327711,-70,CPD 120 min.
TES,.,0,100,0,TS,CPD,early,120,.,_,1.42055040415324,-70,CPD 120 min.
TES,.,0,100,0,NTS,CPD,early,120,.,_,1.28461703820372,-69,CPD 120 min.
TES,.,0,100,0,TS,CPD,early,120,.,_,1.44485252008122,-69,CPD 120 min.
TES,.,0,100,0,NTS,CPD,early,120,.,_,1.30255786189883,-68,CPD 120 min.
TES,.,0,100,0,TS,CPD,early,120,.,_,1.44481542156184,-68,CPD 120 min.
TES,.,0,100,0,NTS,CPD,early,120,.,_,1.27591351753238,-67,CPD 120 min.
TES,.,0,100,0,TS,CPD,early,120,.,_,1.45402249049731,-67,CPD 120 min.
TES,.,0,100,0,NTS,CPD,early,120,.,_,1.26298226596041,-66,CPD 120 min.
TES,.,0,100,0,TS,CPD,early,120,.,_,1.454051579574,-66,CPD 120 min.
TES,.,0,100,0,NTS,CPD,early,120,.,_,1.28274668411108,-65,CPD 120 min.
TES,.,0,100,0,TS,CPD,early,120,.,_,1.48989432846519,-65,CPD 120 min.
TES,.,0,100,0,NTS,CPD,early,120,.,_,1.31630022752389,-64,CPD 120 min.
TES,.,0,100,0,TS,CPD,early,120,.,_,1.47689268313708,-64,CPD 120 min.
TES,.,0,100,0,NTS,CPD,early,120,.,_,1.27187205129988,-63,CPD 120 min.
TES,.,0,100,0,TS,CPD,early,120,.,_,1.45932407600438,-63,CPD 120 min.
TES,.,0,100,0,NTS,CPD,early,120,.,_,1.31176090683407,-62,CPD 120 min.
TES,.,0,100,0,TS,CPD,early,120,.,_,1.47336594317029,-62,CPD 120 min.
TES,.,0,100,0,NTS,CPD,early,120,.,_,1.26198551876511,-97,CPD 120 min.
TES,.,0,100,0,TS,CPD,early,120,.,_,1.37577258885247,-97,CPD 120 min.
TES,.,0,100,0,NTS,CPD,early,120,.,_,1.2983342076252,-61,CPD 120 min.
TES,.,0,100,0,TS,CPD,early,120,.,_,1.46234670348082,-61,CPD 120 min.
TES,.,0,100,0,NTS,CPD,early,120,.,_,1.2920714935283,-60,CPD 120 min.
TES,.,0,100,0,TS,CPD,early,120,.,_,1.50353527908096,-60,CPD 120 min.
TES,.,0,100,0,NTS,CPD,early,120,.,_,1.32569665196775,-59,CPD 120 min.
TES,.,0,100,0,TS,CPD,early,120,.,_,1.50259679074637,-59,CPD 120 min.
TES,.,0,100,0,NTS,CPD,early,120,.,_,1.34443212856381,-58,CPD 120 min.
TES,.,0,100,0,TS,CPD,early,120,.,_,1.49862780318625,-58,CPD 120 min.
TES,.,0,100,0,NTS,CPD,early,120,.,_,1.28990440387152,-57,CPD 120 min.
TES,.,0,100,0,TS,CPD,early,120,.,_,1.47602467416194,-57,CPD 120 min.
TES,.,0,100,0,NTS,CPD,early,120,.,_,1.31382987731382,-56,CPD 120 min.
TES,.,0,100,0,TS,CPD,early,120,.,_,1.49051695294896,-56,CPD 120 min.
TES,.,0,100,0,NTS,CPD,early,120,.,_,1.34455668668176,-55,CPD 120 min.
TES,.,0,100,0,TS,CPD,early,120,.,_,1.47170987342412,-55,CPD 120 min.
TES,.,0,100,0,NTS,CPD,early,120,.,_,1.30921960098535,-54,CPD 120 min.
TES,.,0,100,0,TS,CPD,early,120,.,_,1.49716757520282,-54,CPD 120 min.
TES,.,0,100,0,NTS,CPD,early,120,.,_,1.32513339365501,-53,CPD 120 min.
TES,.,0,100,0,TS,CPD,early,120,.,_,1.507610686402,-53,CPD 120 min.
TES,.,0,100,0,NTS,CPD,early,120,.,_,1.30049040583862,-52,CPD 120 min.
TES,.,0,100,0,TS,CPD,early,120,.,_,1.51141133529619,-52,CPD 120 min.
TES,.,0,100,0,NTS,CPD,early,120,.,_,1.26583311123015,-96,CPD 120 min.
TES,.,0,100,0,TS,CPD,early,120,.,_,1.42606853272205,-96,CPD 120 min.
TES,.,0,100,0,NTS,CPD,early,120,.,_,1.35560539531813,-51,CPD 120 min.
TES,.,0,100,0,TS,CPD,early,120,.,_,1.5076389202299,-51,CPD 120 min.
TES,.,0,100,0,NTS,CPD,early,120,.,_,1.32503418628371,-50,CPD 120 min.
TES,.,0,100,0,TS,CPD,early,120,.,_,1.52961326460672,-50,CPD 120 min.
TES,.,0,100,0,NTS,CPD,early,120,.,_,1.34786243977705,-49,CPD 120 min.
TES,.,0,100,0,TS,CPD,early,120,.,_,1.47958958839288,-49,CPD 120 min.
TES,.,0,100,0,NTS,CPD,early,120,.,_,1.29635736026826,-48,CPD 120 min.
TES,.,0,100,0,TS,CPD,early,120,.,_,1.50856209862955,-48,CPD 120 min.
TES,.,0,100,0,NTS,CPD,early,120,.,_,1.34446750420186,-47,CPD 120 min.
TES,.,0,100,0,TS,CPD,early,120,.,_,1.52372289406488,-47,CPD 120 min.
TES,.,0,100,0,NTS,CPD,early,120,.,_,1.30337849917186,-46,CPD 120 min.
TES,.,0,100,0,TS,CPD,early,120,.,_,1.49686496858125,-46,CPD 120 min.
TES,.,0,100,0,NTS,CPD,early,120,.,_,1.33449209955947,-45,CPD 120 min.
TES,.,0,100,0,TS,CPD,early,120,.,_,1.53162727688192,-45,CPD 120 min.
TES,.,0,100,0,NTS,CPD,early,120,.,_,1.32828399077708,-44,CPD 120 min.
TES,.,0,100,0,TS,CPD,early,120,.,_,1.5268807732972,-44,CPD 120 min.
TES,.,0,100,0,NTS,CPD,early,120,.,_,1.32759337687567,-43,CPD 120 min.
TES,.,0,100,0,TS,CPD,early,120,.,_,1.51523202348274,-43,CPD 120 min.
TES,.,0,100,0,NTS,CPD,early,120,.,_,1.33769632778576,-42,CPD 120 min.
TES,.,0,100,0,TS,CPD,early,120,.,_,1.52228535692842,-42,CPD 120 min.
TES,.,0,100,0,NTS,CPD,early,120,.,_,1.26652376100276,-95,CPD 120 min.
TES,.,0,100,0,TS,CPD,early,120,.,_,1.41765044457108,-95,CPD 120 min.
TES,.,0,100,0,NTS,CPD,early,120,.,_,1.37672164275661,-41,CPD 120 min.
TES,.,0,100,0,TS,CPD,early,120,.,_,1.50952548017287,-41,CPD 120 min.
TES,.,0,100,0,NTS,CPD,early,120,.,_,1.372895068767,-40,CPD 120 min.
TES,.,0,100,0,TS,CPD,early,120,.,_,1.56270313503898,-40,CPD 120 min.
TES,.,0,100,0,NTS,CPD,early,120,.,_,1.3464217751897,-39,CPD 120 min.
TES,.,0,100,0,TS,CPD,early,120,.,_,1.51439106945172,-39,CPD 120 min.
TES,.,0,100,0,NTS,CPD,early,120,.,_,1.3135424150231,-38,CPD 120 min.
TES,.,0,100,0,TS,CPD,early,120,.,_,1.52995807467877,-38,CPD 120 min.
TES,.,0,100,0,NTS,CPD,early,120,.,_,1.36150048414828,-37,CPD 120 min.
TES,.,0,100,0,TS,CPD,early,120,.,_,1.55016531572914,-37,CPD 120 min.
TES,.,0,100,0,NTS,CPD,early,120,.,_,1.37466150034729,-36,CPD 120 min.
TES,.,0,100,0,TS,CPD,early,120,.,_,1.54811131397778,-36,CPD 120 min.
TES,.,0,100,0,NTS,CPD,early,120,.,_,1.38942340137085,-35,CPD 120 min.
TES,.,0,100,0,TS,CPD,early,120,.,_,1.54785309648711,-35,CPD 120 min.
TES,.,0,100,0,NTS,CPD,early,120,.,_,1.41607502124991,-34,CPD 120 min.
TES,.,0,100,0,TS,CPD,early,120,.,_,1.54824230606606,-34,CPD 120 min.
TES,.,0,100,0,NTS,CPD,early,120,.,_,1.39065612413955,-33,CPD 120 min.
TES,.,0,100,0,TS,CPD,early,120,.,_,1.55247697517087,-33,CPD 120 min.
TES,.,0,100,0,NTS,CPD,early,120,.,_,1.39498690544426,-32,CPD 120 min.
TES,.,0,100,0,TS,CPD,early,120,.,_,1.52529866779547,-32,CPD 120 min.
TES,.,0,100,0,NTS,CPD,early,120,.,_,1.28649629791878,-94,CPD 120 min.
TES,.,0,100,0,TS,CPD,early,120,.,_,1.4292658166216,-94,CPD 120 min.
TES,.,0,100,0,NTS,CPD,early,120,.,_,1.38837907611759,-31,CPD 120 min.
TES,.,0,100,0,TS,CPD,early,120,.,_,1.59703819869165,-31,CPD 120 min.
TES,.,0,100,0,NTS,CPD,early,120,.,_,1.35291009624672,-30,CPD 120 min.
TES,.,0,100,0,TS,CPD,early,120,.,_,1.54781012727989,-30,CPD 120 min.
TES,.,0,100,0,NTS,CPD,early,120,.,_,1.41434345843861,-29,CPD 120 min.
TES,.,0,100,0,TS,CPD,early,120,.,_,1.52659164598863,-29,CPD 120 min.
TES,.,0,100,0,NTS,CPD,early,120,.,_,1.39593990028569,-28,CPD 120 min.
TES,.,0,100,0,TS,CPD,early,120,.,_,1.56533535789886,-28,CPD 120 min.
TES,.,0,100,0,NTS,CPD,early,120,.,_,1.43515852588257,-27,CPD 120 min.
TES,.,0,100,0,TS,CPD,early,120,.,_,1.52641352549193,-27,CPD 120 min.
TES,.,0,100,0,NTS,CPD,early,120,.,_,1.4020627383069,-26,CPD 120 min.
TES,.,0,100,0,TS,CPD,early,120,.,_,1.57422365556846,-26,CPD 120 min.
TES,.,0,100,0,NTS,CPD,early,120,.,_,1.42363086213718,-25,CPD 120 min.
TES,.,0,100,0,TS,CPD,early,120,.,_,1.57425846069986,-25,CPD 120 min.
TES,.,0,100,0,NTS,CPD,early,120,.,_,1.40303912181568,-24,CPD 120 min.
TES,.,0,100,0,TS,CPD,early,120,.,_,1.58147649594466,-24,CPD 120 min.
TES,.,0,100,0,NTS,CPD,early,120,.,_,1.40795484870131,-23,CPD 120 min.
TES,.,0,100,0,TS,CPD,early,120,.,_,1.5749276556753,-23,CPD 120 min.
TES,.,0,100,0,NTS,CPD,early,120,.,_,1.41041549660744,-22,CPD 120 min.
TES,.,0,100,0,TS,CPD,early,120,.,_,1.59933402420701,-22,CPD 120 min.
TES,.,0,100,0,NTS,CPD,early,120,.,_,1.26784522103537,-93,CPD 120 min.
TES,.,0,100,0,TS,CPD,early,120,.,_,1.43777903579259,-93,CPD 120 min.
TES,.,0,100,0,NTS,CPD,early,120,.,_,1.39106286401559,-21,CPD 120 min.
TES,.,0,100,0,TS,CPD,early,120,.,_,1.60223803226355,-21,CPD 120 min.
TES,.,0,100,0,NTS,CPD,early,120,.,_,1.40718714236284,-20,CPD 120 min.
TES,.,0,100,0,TS,CPD,early,120,.,_,1.6043285959986,-20,CPD 120 min.
TES,.,0,100,0,NTS,CPD,early,120,.,_,1.41819285498288,-19,CPD 120 min.
TES,.,0,100,0,TS,CPD,early,120,.,_,1.62854115353533,-19,CPD 120 min.
TES,.,0,100,0,NTS,CPD,early,120,.,_,1.45360883272537,-18,CPD 120 min.
TES,.,0,100,0,TS,CPD,early,120,.,_,1.65635862497706,-18,CPD 120 min.
TES,.,0,100,0,NTS,CPD,early,120,.,_,1.41330652069112,-17,CPD 120 min.
TES,.,0,100,0,TS,CPD,early,120,.,_,1.63199512399547,-17,CPD 120 min.
TES,.,0,100,0,NTS,CPD,early,120,.,_,1.43151708720447,-16,CPD 120 min.
TES,.,0,100,0,TS,CPD,early,120,.,_,1.58047286947179,-16,CPD 120 min.
TES,.,0,100,0,NTS,CPD,early,120,.,_,1.42458825221078,-15,CPD 120 min.
TES,.,0,100,0,TS,CPD,early,120,.,_,1.61912628301775,-15,CPD 120 min.
TES,.,0,100,0,NTS,CPD,early,120,.,_,1.43575543373006,-14,CPD 120 min.
TES,.,0,100,0,TS,CPD,early,120,.,_,1.5757605737574,-14,CPD 120 min.
TES,.,0,100,0,NTS,CPD,early,120,.,_,1.41984141802158,-13,CPD 120 min.
TES,.,0,100,0,TS,CPD,early,120,.,_,1.60491218395375,-13,CPD 120 min.
TES,.,0,100,0,NTS,CPD,early,120,.,_,1.46397676308676,-12,CPD 120 min.
TES,.,0,100,0,TS,CPD,early,120,.,_,1.63164432362226,-12,CPD 120 min.
TES,.,0,100,0,NTS,CPD,early,120,.,_,1.2480531169811,-92,CPD 120 min.
TES,.,0,100,0,TS,CPD,early,120,.,_,1.43044606257435,-92,CPD 120 min.
TES,.,0,100,0,NTS,CPD,early,120,.,_,1.45227991697709,-11,CPD 120 min.
TES,.,0,100,0,TS,CPD,early,120,.,_,1.68386860905657,-11,CPD 120 min.
TES,.,0,100,0,NTS,CPD,early,120,.,_,1.4587411695993,-10,CPD 120 min.
TES,.,0,100,0,TS,CPD,early,120,.,_,1.65462116930263,-10,CPD 120 min.
TES,.,0,100,0,NTS,CPD,early,120,.,_,1.4600970794453,-9,CPD 120 min.
TES,.,0,100,0,TS,CPD,early,120,.,_,1.65792830711489,-9,CPD 120 min.
TES,.,0,100,0,NTS,CPD,early,120,.,_,1.44386143375549,-8,CPD 120 min.
TES,.,0,100,0,TS,CPD,early,120,.,_,1.68434761445936,-8,CPD 120 min.
TES,.,0,100,0,NTS,CPD,early,120,.,_,1.47032634052206,-7,CPD 120 min.
TES,.,0,100,0,TS,CPD,early,120,.,_,1.68086358076251,-7,CPD 120 min.
TES,.,0,100,0,NTS,CPD,early,120,.,_,1.4706806328823,-6,CPD 120 min.
TES,.,0,100,0,TS,CPD,early,120,.,_,1.68260169235257,-6,CPD 120 min.
TES,.,0,100,0,NTS,CPD,early,120,.,_,1.48601143282359,-5,CPD 120 min.
TES,.,0,100,0,TS,CPD,early,120,.,_,1.66636299595847,-5,CPD 120 min.
TES,.,0,100,0,NTS,CPD,early,120,.,_,1.43681904523955,-4,CPD 120 min.
TES,.,0,100,0,TS,CPD,early,120,.,_,1.63424889820581,-4,CPD 120 min.
TES,.,0,100,0,NTS,CPD,early,120,.,_,1.45613560087572,-3,CPD 120 min.
TES,.,0,100,0,TS,CPD,early,120,.,_,1.6246912938341,-3,CPD 120 min.
TES,.,0,100,0,NTS,CPD,early,120,.,_,1.40615698635078,-2,CPD 120 min.
TES,.,0,100,0,TS,CPD,early,120,.,_,1.56264936279624,-2,CPD 120 min.
